faultNumber,simulationRun,sample,xmeas_1,xmeas_2,xmeas_3,xmeas_4,xmeas_5,xmeas_6,xmeas_7,xmeas_8,xmeas_9,xmeas_10,xmeas_11,xmeas_12,xmeas_13,xmeas_14,xmeas_15,xmeas_16,xmeas_17,xmeas_18,xmeas_19,xmeas_20,xmeas_21,xmeas_22,xmeas_23,xmeas_24,xmeas_25,xmeas_26,xmeas_27,xmeas_28,xmeas_29,xmeas_30,xmeas_31,xmeas_32,xmeas_33,xmeas_34,xmeas_35,xmeas_36,xmeas_37,xmeas_38,xmeas_39,xmeas_40,xmeas_41,xmv_1,xmv_2,xmv_3,xmv_4,xmv_5,xmv_6,xmv_7,xmv_8,xmv_9,xmv_10,xmv_11,faulty
13,1.0,361,0.16093,3740.2,4450.3,9.6599,27.218,42.31,2659.0,74.479,120.37,0.40863,80.716,51.26,2588.3,24.027,49.305,3055.2,22.643,72.124,394.23,343.06,93.888,78.016,32.561,9.1386,26.045,6.728,18.307,1.7942,33.781,14.427,23.675,1.0185,17.659,2.4726,5.0088,2.3333,0.0077261,0.7035,0.10574,55.017,43.604,64.822,53.752,15.908,62.652,21.874,49.046,41.809,44.926,99.488,42.62,19.313,True
13,1.0,362,0.15894,3751.5,4488.6,9.5976,26.952,42.672,2659.1,73.064,120.39,0.40845,80.907,49.741,2587.6,26.148,47.688,3056.6,23.94,72.281,394.06,342.96,93.894,77.831,32.561,9.1386,26.045,6.728,18.307,1.7942,33.781,14.427,23.675,1.0185,17.659,2.4726,5.0088,2.3333,0.0077261,0.7035,0.10574,55.017,43.604,64.628,53.294,16.103,63.147,21.576,49.067,37.337,41.182,99.701,42.333,16.179,True
13,1.0,363,0.15827,3776.6,4410.7,9.5628,27.025,42.365,2658.0,74.727,120.37,0.39989,80.847,50.729,2586.2,25.549,50.417,3056.7,23.538,72.375,390.86,342.01,93.889,77.75,32.286,9.2187,26.168,6.9559,18.182,1.7693,33.618,14.401,24.118,1.118,17.515,2.4538,4.9904,2.3095,0.0077261,0.7035,0.10574,55.017,43.604,64.889,52.66,15.428,65.507,20.891,48.493,40.247,47.5,99.872,42.091,17.084,True
